1, 2017-06-02 10:00:00, 2017-06-02 11:20:00
1, 2017-06-02 11:30:00, 2017-06-02 12:50:00
1, 2017-06-02 16:00:00, 2017-06-02 20:30:00
1, 2017-06-03 10:00:00, 2017-06-03 11:20:00
1, 2017-06-03 11:30:00, 2017-06-03 12:50:00
1, 2017-06-03 16:00:00, 2017-06-03 20:30:00
1, 2017-06-04 10:00:00, 2017-06-04 11:20:00
1, 2017-06-04 11:30:00, 2017-06-04 12:50:00
1, 2017-06-04 16:00:00, 2017-06-04 20:30:00
1, 2017-06-05 10:00:00, 2017-06-05 11:20:00
1, 2017-06-05 10:30:00, 2017-06-05 11:30:00
1, 2017-06-05 11:30:00, 2017-06-05 12:50:00
1, 2017-06-05 14:30:00, 2017-06-05 16:20:00
1, 2017-06-05 18:00:00, 2017-06-05 18:45:00
1, 2017-06-06 14:30:00, 2017-06-06 15:30:00
1, 2017-06-06 17:30:00, 2017-06-06 18:20:00
1, 2017-06-06 20:00:00, 2017-06-06 23:00:00
1, 2017-06-07 10:00:00, 2017-06-07 11:20:00
1, 2017-06-07 11:30:00, 2017-06-07 14:20:00
1, 2017-06-07 16:00:00, 2017-06-07 20:00:00
1, 2017-06-07 17:00:00, 2017-06-07 19:00:00
1, 2017-06-07 17:30:00, 2017-06-07 18:20:00
1, 2017-06-08 08:30:00, 2017-06-08 10:00:00
1, 2017-06-08 11:30:00, 2017-06-08 12:50:00
1, 2017-06-08 16:30:00, 2017-06-08 17:20:00
1, 2017-06-08 17:30:00, 2017-06-08 18:20:00
1, 2017-06-09 10:00:00, 2017-06-09 11:20:00
1, 2017-06-09 11:30:00, 2017-06-09 12:50:00
1, 2017-06-09 15:00:00, 2017-06-09 15:30:00
1, 2017-06-09 16:00:00, 2017-06-09 18:00:00
1, 2017-06-10 10:00:00, 2017-06-10 11:20:00
1, 2017-06-10 11:30:00, 2017-06-10 12:50:00
1, 2017-06-10 15:00:00, 2017-06-10 15:30:00
1, 2017-06-10 16:00:00, 2017-06-10 18:00:00
